{
    "menu": [
        {
            "id" : 1,
            "name" : "What is Angular?",
            "description": "<p>Angular is a platform that makes it easy to build applications with the web. Angular combines declarative templates, dependency injection, end to end tooling, and integrated best practices to solve development challenges. Angular empowers developers to build applications that live on the web, mobile, or the desktop.</p>"
        },
        {
            "id" : 2,
            "name" : "Why we use Angular?",
            "description": "<p> Angular is a structural framework for dynamic web apps. With AngularJS, designers can use HTML as the template language and it allows for the extension of HTML's syntax to convey the application's components effortlessly. Angular makes much of the code you would otherwise have to write completely redundant.</p><p>Angular is the perfect solution for single page applications <b>(SPA)</b></p>"
        },
        {
            "id" : 3,
            "name" : "Version details and how to upgrade?",
            "description": "<ul><li>Angular 2.0</li><li>Angular 4.0</li><li>Angular 5.0</li><li>Angular 6.0</li><li><b>Angular 7.0</b></li></ul><p>You can upgrade your application via package.json make sure all the dependancies also upgrade simultaniously and run <b>(npm install)</b></p>"
        },
        {
            "id" : 4,
            "name" : "Prerequisites",
            "description": "<ul><li><b>NODE JS</b></li><li>ATOM | <b>VSCODE</b></li></ul>"
        },
        {
            "id" : 5,
            "name" : "Installation steps",
            "description": "<ul><li><b>npm install -g @angular/cli</b></li><li><b>ng new projectname</b></li><li><b>npm audit fix</b> if any volnourabilities</li></ul>"
        },
        {
            "id" : 6,
            "name" : "Running the Angular Server",
            "description": "<p><b>ng serve</b> or <b>npm start</b></p><p>If you want to change the port number <b>ng serve --port=3500</b> By default it takes 4200</p>"
        },
        {
            "id" : 7,
            "name" : "Run Testing",
            "description": "<p><b>ng test</b> -- basically karma will trigger</p>"
        },
        {
            "id" : 8,
            "name" : "Building the application",
            "description": "<p><b>ng build</b> -- local // To build local environment and we can deploy it in the server</p><p><b>ng build --prod</b> -- production</p>"
        },
        {
            "id" : 9,
            "name" : "Maintain the standards",
            "description": "<p><b>ng lint</b> // It checks the standards and once you fix the issues raised by lint then only move to production. so lint must</p>"
        },
        {
            "id" : 10,
            "name" : "Compilers",
            "description": "<p>There are two compilers in Angular</p><p><ul><li>JIT <b>(Just in Time)</b></li><li>AOT <b>(Ahead of Time)</b></li></ul></p>"
        }
    ]
}